{
  "database": "paradedb",
  "scale": "large",
  "metrics": {
    "data_loading_time": 23.906032,
    "index_creation_time": 53.216991,
    "database_size_bytes": 2062699667,
    "query_1": {
      "average_latency": 0.06090420709078899,
      "total_time": 0.16848600000957958,
      "tps": 593.5211233830366
    },
    "query_2": {
      "average_latency": 0.02165698372904444,
      "total_time": 0.12973729200894013,
      "tps": 770.7884020972864
    },
    "query_3": {
      "average_latency": 0.015888154121203115,
      "total_time": 0.12349825000273995,
      "tps": 809.7280730518966
    }
  }
}