{
  "database": "paradedb",
  "scale": "large",
  "metrics": {
    "data_loading_time": 25.576648,
    "index_creation_time": 53.900919,
    "database_size_bytes": 2062765203,
    "query_1": {
      "average_latency": 0.03930513428029372,
      "total_time": 0.1952182919922052,
      "tps": 512.2470798176682
    },
    "query_2": {
      "average_latency": 0.013700231289403746,
      "total_time": 0.11312262499995995,
      "tps": 883.9964595944923
    },
    "query_3": {
      "average_latency": 0.03619122748961672,
      "total_time": 0.17045037500793114,
      "tps": 586.6810207683436
    },
    "query_4": {
      "average_latency": 0.01918156497005839,
      "total_time": 0.24195504099770915,
      "tps": 413.2999237695023
    },
    "query_5": {
      "average_latency": 0.011740801299310988,
      "total_time": 0.15534866700181738,
      "tps": 643.7132801328133
    }
  }
}