{
  "database": "elasticsearch",
  "scale": "large",
  "metrics": {
    "data_loading_time": 129.97018,
    "index_creation_time": 0.137845,
    "database_size_bytes": 1048273990,
    "query_1": {
      "average_latency": 0.021914212121191667,
      "total_time": 0.13302404200658202,
      "tps": 751.7438088000063
    },
    "query_2": {
      "average_latency": 0.013345394999196286,
      "total_time": 0.13457987499714363,
      "tps": 743.0531496787497
    },
    "query_3": {
      "average_latency": 0.028863942920288536,
      "total_time": 0.13720512500731274,
      "tps": 728.8357486257909
    },
    "query_4": {
      "average_latency": 0.05389320258997032,
      "total_time": 0.21550208400003612,
      "tps": 464.03263552654664
    },
    "query_5": {
      "average_latency": 0.022137972110504053,
      "total_time": 0.14076175101217814,
      "tps": 710.420261760941
    }
  }
}