{
  "database": "paradedb",
  "scale": "large",
  "metrics": {
    "data_loading_time": 24.832883,
    "index_creation_time": 53.597635,
    "database_size_bytes": 2062830739,
    "query_1": {
      "average_latency": 0.009159843400120736,
      "total_time": 0.1257412499981001,
      "tps": 795.2839660931553
    },
    "query_2": {
      "average_latency": 0.008094619630137459,
      "total_time": 0.14817166699504014,
      "tps": 674.8928592626779
    },
    "query_3": {
      "average_latency": 0.010476278720016125,
      "total_time": 0.13874837500043213,
      "tps": 720.72916169064
    },
    "query_4": {
      "average_latency": 0.008170316680188989,
      "total_time": 0.14331862499238923,
      "tps": 697.7460187418794
    },
    "query_5": {
      "average_latency": 0.01005624745055684,
      "total_time": 0.153071666994947,
      "tps": 653.2887631210097
    }
  }
}