{
  "database": "elasticsearch",
  "scale": "large",
  "metrics": {
    "data_loading_time": 114.168513,
    "index_creation_time": 0.128754,
    "database_size_bytes": 533941259,
    "query_1": {
      "average_latency": 0.011522139178559883,
      "total_time": 0.1355104590038536,
      "tps": 737.9504189942728
    },
    "query_2": {
      "average_latency": 0.008625945000094361,
      "total_time": 0.09728420899773482,
      "tps": 1027.9160516413142
    },
    "query_3": {
      "average_latency": 0.01365392285064445,
      "total_time": 0.1585420420014998,
      "tps": 630.7475212098883
    }
  }
}