{
  "database": "paradedb",
  "scale": "large",
  "metrics": {
    "data_loading_time": 24.533096,
    "index_creation_time": 51.870535,
    "database_size_bytes": 2063068307,
    "query_1": {
      "average_latency": 0.005960599629033823,
      "total_time": 0.6069779999961611,
      "tps": 164.7506169921026
    },
    "query_2": {
      "average_latency": 0.006183287929161452,
      "total_time": 0.628931792001822,
      "tps": 158.99975366440103
    },
    "query_3": {
      "average_latency": 0.006029947941133287,
      "total_time": 0.6134029170061694,
      "tps": 163.02498280912843
    }
  }
}