{
  "database": "elasticsearch",
  "scale": "large",
  "metrics": {
    "data_loading_time": 131.841528,
    "index_creation_time": 0.128148,
    "database_size_bytes": 1048292555,
    "query_1": {
      "average_latency": 0.002766683689405909,
      "total_time": 0.27760720800142735,
      "tps": 360.2211942547466
    },
    "query_2": {
      "average_latency": 0.0021126308798557147,
      "total_time": 0.21228337500360794,
      "tps": 471.0684480039966
    },
    "query_3": {
      "average_latency": 0.0030673911502526606,
      "total_time": 0.30781166700762697,
      "tps": 324.87397561029485
    },
    "query_4": {
      "average_latency": 0.003680350819922751,
      "total_time": 0.3689904589991784,
      "tps": 271.00971735483995
    },
    "query_5": {
      "average_latency": 0.0026218070897448343,
      "total_time": 0.26321041700430214,
      "tps": 379.92417297969445
    }
  }
}