{
  "database": "elasticsearch",
  "scale": "large",
  "metrics": {
    "data_loading_time": 344.592831,
    "index_creation_time": 0.149113,
    "database_size_bytes": 1669557464,
    "query_1": {
      "average_latency": 0.013052574733002984,
      "total_time": 1.348823917000118,
      "tps": 741.3866164414347
    },
    "query_2": {
      "average_latency": 0.007967368466997868,
      "total_time": 0.8363722499998403,
      "tps": 1195.6398601223211
    },
    "query_3": {
      "average_latency": 0.012294900944874825,
      "total_time": 1.247705166999367,
      "tps": 801.4713944039532
    },
    "query_4": {
      "average_latency": 0.014031607817989424,
      "total_time": 1.4827627090016904,
      "tps": 674.4167451265865
    },
    "query_5": {
      "average_latency": 0.008765683744019042,
      "total_time": 0.9146237509994535,
      "tps": 1093.3457598353987
    },
    "query_6": {
      "average_latency": 0.03766932867299329,
      "total_time": 3.803147127000557,
      "tps": 262.94013000456124
    }
  }
}