{
  "database": "paradedb",
  "scale": "large",
  "metrics": {
    "data_loading_time": 51.654876,
    "index_creation_time": 84.382162,
    "database_size_bytes": 2730232979,
    "query_1": {
      "average_latency": 0.07418462707589409,
      "total_time": 2.8016090010023618,
      "tps": 357.2946830345924
    },
    "query_2": {
      "average_latency": 0.07055780820878141,
      "total_time": 2.5269280840002466,
      "tps": 396.1331572267659
    },
    "query_3": {
      "average_latency": 0.08594508487021722,
      "total_time": 2.681714751997788,
      "tps": 373.26863315879825
    },
    "query_4": {
      "average_latency": 0.07656562736158228,
      "total_time": 2.404270042999997,
      "tps": 416.3425830282249
    },
    "query_5": {
      "average_latency": 0.09401061137469804,
      "total_time": 3.125695876999089,
      "tps": 320.2486868175537
    },
    "query_6": {
      "average_latency": 0.057358773309682,
      "total_time": 2.082992749998084,
      "tps": 480.55856171411097
    }
  }
}