{
  "database": "paradedb",
  "scale": "large",
  "metrics": {
    "data_loading_time": 48.819033,
    "index_creation_time": 87.19102,
    "database_size_bytes": 2730036371,
    "query_1": {
      "average_latency": 0.006797900180996293,
      "total_time": 6.807239335999839,
      "tps": 146.90242999266036
    },
    "query_2": {
      "average_latency": 0.006620612185992286,
      "total_time": 6.6295073780001985,
      "tps": 150.84077035926788
    },
    "query_3": {
      "average_latency": 0.007005379116999393,
      "total_time": 7.0125704199999745,
      "tps": 142.60106353413326
    },
    "query_4": {
      "average_latency": 0.006519511542019245,
      "total_time": 6.52815000299961,
      "tps": 153.1827546150918
    },
    "query_5": {
      "average_latency": 0.006601045457005967,
      "total_time": 6.609965419998844,
      "tps": 151.28672186006307
    },
    "query_6": {
      "average_latency": 0.006207368116025464,
      "total_time": 6.213172170000689,
      "tps": 160.94838073670974
    }
  }
}