{
  "database": "elasticsearch",
  "scale": "large",
  "metrics": {
    "data_loading_time": 132.438356,
    "index_creation_time": 0.132971,
    "database_size_bytes": 1048237561,
    "query_1": {
      "average_latency": 0.010295603163998295,
      "total_time": 1.073967416999949,
      "tps": 931.1269449807224
    },
    "query_2": {
      "average_latency": 0.006349073256006705,
      "total_time": 0.662012666999999,
      "tps": 1510.5451146903831
    },
    "query_3": {
      "average_latency": 0.008520158916009678,
      "total_time": 0.8770403339999575,
      "tps": 1140.198416461937
    },
    "query_4": {
      "average_latency": 0.014051074326007438,
      "total_time": 1.4495968750002248,
      "tps": 689.8469617629694
    },
    "query_5": {
      "average_latency": 0.00731029937199537,
      "total_time": 0.7592577919999712,
      "tps": 1317.0757159645163
    }
  }
}