{
  "database": "paradedb",
  "scale": "large",
  "metrics": {
    "data_loading_time": 23.360327,
    "index_creation_time": 49.182142,
    "database_size_bytes": 1990552723,
    "query_1": {
      "average_latency": 0.005392030008994425,
      "total_time": 5.3968486690000645,
      "tps": 185.29331862575302
    },
    "query_2": {
      "average_latency": 0.005672541699998192,
      "total_time": 5.677484836000076,
      "tps": 176.13433217102593
    },
    "query_3": {
      "average_latency": 0.005640496548996225,
      "total_time": 5.645956252999895,
      "tps": 177.11791505091185
    },
    "query_4": {
      "average_latency": 0.005365137894001918,
      "total_time": 5.370851752999897,
      "tps": 186.19020706379553
    },
    "query_5": {
      "average_latency": 0.005828670750998754,
      "total_time": 5.834039669000049,
      "tps": 171.40781632213336
    }
  }
}