{
  "database": "elasticsearch",
  "scale": "large",
  "metrics": {
    "data_loading_time": 380.298,
    "index_creation_time": 0.178223,
    "database_size_bytes": 1669843602,
    "query_1": {
      "average_latency": 0.03842805089704416,
      "total_time": 1.123583584001608,
      "tps": 890.0094432125211
    },
    "query_2": {
      "average_latency": 0.02741617537889397,
      "total_time": 0.8404752090027614,
      "tps": 1189.803089119687
    },
    "query_3": {
      "average_latency": 0.05012287345000368,
      "total_time": 1.1364028339994547,
      "tps": 879.969646397837
    },
    "query_4": {
      "average_latency": 0.04954185067801154,
      "total_time": 1.206239707997156,
      "tps": 829.0226174533774
    },
    "query_5": {
      "average_latency": 0.030695936524109128,
      "total_time": 1.0395884179997665,
      "tps": 961.9191428893205
    },
    "query_6": {
      "average_latency": 0.1763468584170223,
      "total_time": 3.657785627001431,
      "tps": 273.38944978571016
    }
  }
}