{
  "database": "elasticsearch",
  "scale": "large",
  "metrics": {
    "data_loading_time": 136.730432,
    "index_creation_time": 0.449525,
    "database_size_bytes": 1048294249,
    "query_1": {
      "average_latency": 0.00951158456140547,
      "total_time": 0.11319499999808613,
      "tps": 883.4312469781419
    },
    "query_2": {
      "average_latency": 0.009571786290034651,
      "total_time": 0.11609320799470879,
      "tps": 861.3768344187519
    },
    "query_3": {
      "average_latency": 0.01474863754992839,
      "total_time": 0.15962220799701754,
      "tps": 626.4792427997767
    },
    "query_4": {
      "average_latency": 0.017557549629564163,
      "total_time": 0.18905195899424143,
      "tps": 528.9551112403232
    },
    "query_5": {
      "average_latency": 0.011948828689928631,
      "total_time": 0.13272162500652485,
      "tps": 753.456718112695
    }
  }
}