{
  "database": "elasticsearch",
  "scale": "large",
  "metrics": {
    "data_loading_time": 144.901288,
    "index_creation_time": 0.142225,
    "database_size_bytes": 2171809362,
    "query_1": {
      "average_latency": 0.018900807480385994,
      "total_time": 0.11713512500864454,
      "tps": 853.7148869104808
    },
    "query_2": {
      "average_latency": 0.013125421670119977,
      "total_time": 0.10316308299661614,
      "tps": 969.3390028221637
    },
    "query_3": {
      "average_latency": 0.015891325830016286,
      "total_time": 0.11316504199930932,
      "tps": 883.6651163051778
    },
    "query_4": {
      "average_latency": 0.043864852939586856,
      "total_time": 0.1830053329904331,
      "tps": 546.4321632923543
    },
    "query_5": {
      "average_latency": 0.019504730089829538,
      "total_time": 0.11507908398925792,
      "tps": 868.967639760971
    }
  }
}