{
  "database": "elasticsearch",
  "scale": "large",
  "metrics": {
    "data_loading_time": 298.311843,
    "index_creation_time": 0.161274,
    "database_size_bytes": 3572745975,
    "query_1": {
      "average_latency": 0.011137993904929318,
      "total_time": 1.142591251002159,
      "tps": 875.203620824951
    },
    "query_2": {
      "average_latency": 0.007720374358043045,
      "total_time": 0.7925868760030426,
      "tps": 1261.6913429641008
    },
    "query_3": {
      "average_latency": 0.011355734177966951,
      "total_time": 1.156730292001157,
      "tps": 864.5057598258174
    },
    "query_4": {
      "average_latency": 0.012974361258973659,
      "total_time": 1.3379652500007069,
      "tps": 747.4035667215361
    },
    "query_5": {
      "average_latency": 0.009211431931013066,
      "total_time": 0.9456979169990518,
      "tps": 1057.4201148430811
    },
    "query_6": {
      "average_latency": 0.038516872567986866,
      "total_time": 3.8817232930014143,
      "tps": 257.6175385306208
    }
  }
}