{
  "database": "paradedb",
  "scale": "large",
  "metrics": {
    "data_loading_time": 25.390416,
    "index_creation_time": 53.800959,
    "database_size_bytes": 2064845971,
    "query_1": {
      "average_latency": 0.007325445664752624,
      "total_time": 8.085246795992134,
      "tps": 1236.820625556787
    },
    "query_2": {
      "average_latency": 0.008436652806763596,
      "total_time": 9.036722378994455,
      "tps": 1106.5959072998248
    },
    "query_3": {
      "average_latency": 0.010743974543537479,
      "total_time": 11.41408158800914,
      "tps": 876.1107867412935
    },
    "query_4": {
      "average_latency": 0.0076374969436627,
      "total_time": 8.624502128994209,
      "tps": 1159.4872202978054
    },
    "query_5": {
      "average_latency": 0.009890350587146532,
      "total_time": 10.564535254990915,
      "tps": 946.5631718419212
    }
  }
}