{
  "database": "paradedb",
  "scale": "large",
  "metrics": {
    "data_loading_time": 48.539185,
    "index_creation_time": 74.74059,
    "database_size_bytes": 2729987219,
    "query_1": {
      "average_latency": 0.06148222282297138,
      "total_time": 2.261777168001572,
      "tps": 442.1302036944538
    },
    "query_2": {
      "average_latency": 0.06678657111301436,
      "total_time": 2.1756442509977205,
      "tps": 459.6339679804792
    },
    "query_3": {
      "average_latency": 0.07420076877098836,
      "total_time": 2.532754458999989,
      "tps": 394.8270612836396
    },
    "query_4": {
      "average_latency": 0.06935094769195348,
      "total_time": 2.3115844589992776,
      "tps": 432.60370440148927
    },
    "query_5": {
      "average_latency": 0.07993384515397338,
      "total_time": 2.414763958997355,
      "tps": 414.1191507658639
    },
    "query_6": {
      "average_latency": 0.05441306881502169,
      "total_time": 1.9133847929988406,
      "tps": 522.6340272270608
    }
  }
}