{
  "database": "paradedb",
  "scale": "large",
  "metrics": {
    "data_loading_time": 25.526324,
    "index_creation_time": 54.154244,
    "database_size_bytes": 2064829587,
    "query_1": {
      "average_latency": 0.005698212883637461,
      "total_time": 57.03200381800707,
      "tps": 175.34014817208015
    },
    "query_2": {
      "average_latency": 0.005828328940900974,
      "total_time": 58.33180523500778,
      "tps": 171.43306228415008
    },
    "query_3": {
      "average_latency": 0.005813615394804219,
      "total_time": 58.195167650992516,
      "tps": 171.83557335845995
    },
    "query_4": {
      "average_latency": 0.005688705604053394,
      "total_time": 56.9519468590006,
      "tps": 175.5866226093659
    },
    "query_5": {
      "average_latency": 0.0058878564524653485,
      "total_time": 58.93454919400392,
      "tps": 169.67975723512302
    }
  }
}