{
  "database": "paradedb",
  "scale": "large",
  "metrics": {
    "data_loading_time": 58.748952,
    "index_creation_time": 82.34866,
    "database_size_bytes": 2825489555,
    "query_1": {
      "average_latency": 0.05517653272790267,
      "total_time": 5.620119668998086,
      "tps": 177.93215427711218
    },
    "query_2": {
      "average_latency": 0.05397672494901417,
      "total_time": 5.490619419000723,
      "tps": 182.12881347037475
    },
    "query_3": {
      "average_latency": 0.059833401949010295,
      "total_time": 6.0775423779996345,
      "tps": 164.5401936842011
    },
    "query_4": {
      "average_latency": 0.05078611101505885,
      "total_time": 5.129901751999569,
      "tps": 194.93550721711446
    },
    "query_5": {
      "average_latency": 0.05405888709607098,
      "total_time": 5.475726543001656,
      "tps": 182.6241672491967
    },
    "query_6": {
      "average_latency": 0.04915904293005224,
      "total_time": 4.991293751998455,
      "tps": 200.34885736781405
    }
  }
}