{
  "database": "paradedb",
  "scale": "large",
  "metrics": {
    "data_loading_time": 24.669147,
    "index_creation_time": 53.651182,
    "database_size_bytes": 2064821395,
    "query_1": {
      "average_latency": 0.0066659237688872965,
      "total_time": 0.1189724580035545,
      "tps": 840.5306713677576
    },
    "query_2": {
      "average_latency": 0.009939735880034278,
      "total_time": 0.14866612499463372,
      "tps": 672.6481907267686
    },
    "query_3": {
      "average_latency": 0.008874563720746664,
      "total_time": 0.1288592909986619,
      "tps": 776.0402779263967
    },
    "query_4": {
      "average_latency": 0.008182675450516399,
      "total_time": 0.17154199999640696,
      "tps": 582.947616339407
    },
    "query_5": {
      "average_latency": 0.007947411200439092,
      "total_time": 0.11782937499810942,
      "tps": 848.6848037817778
    }
  }
}