{
  "database": "paradedb",
  "scale": "large",
  "metrics": {
    "data_loading_time": 25.295244,
    "index_creation_time": 56.692823,
    "database_size_bytes": 2064837779,
    "query_1": {
      "average_latency": 0.00608248001895845,
      "total_time": 0.620205667000846,
      "tps": 161.23683694083948
    },
    "query_2": {
      "average_latency": 0.0069974574503430635,
      "total_time": 0.7143790010013618,
      "tps": 139.98171819136294
    },
    "query_3": {
      "average_latency": 0.007719678350549657,
      "total_time": 0.7895176260062726,
      "tps": 126.65961684205074
    },
    "query_4": {
      "average_latency": 0.006434756690141512,
      "total_time": 0.6569779999990715,
      "tps": 152.21209842664646
    },
    "query_5": {
      "average_latency": 0.006470185059442884,
      "total_time": 0.6593821260030381,
      "tps": 151.65712878231588
    }
  }
}