{
  "database": "elasticsearch",
  "scale": "large",
  "metrics": {
    "data_loading_time": 126.597571,
    "index_creation_time": 0.136046,
    "database_size_bytes": 1048307822,
    "query_1": {
      "average_latency": 0.0014669306238778517,
      "total_time": 14.719247007000376,
      "tps": 679.3825795058718
    },
    "query_2": {
      "average_latency": 0.0007291379171481822,
      "total_time": 7.329044002995943,
      "tps": 1364.4344331828588
    },
    "query_3": {
      "average_latency": 0.0012074271652309108,
      "total_time": 12.121306881002965,
      "tps": 824.9935504621561
    },
    "query_4": {
      "average_latency": 0.001996789118493325,
      "total_time": 20.017754510001396,
      "tps": 499.55653092876815
    },
    "query_5": {
      "average_latency": 0.001077625104355684,
      "total_time": 10.826341963009327,
      "tps": 923.6730221682714
    }
  }
}