{
  "database": "paradedb",
  "scale": "large",
  "metrics": {
    "data_loading_time": 25.23763,
    "index_creation_time": 53.61269,
    "database_size_bytes": 2064829587,
    "query_1": {
      "average_latency": 0.024204787481621314,
      "total_time": 5.431844752005418,
      "tps": 1840.9951787204586
    },
    "query_2": {
      "average_latency": 0.028493451004601957,
      "total_time": 6.296140377991833,
      "tps": 1588.2746253490493
    },
    "query_3": {
      "average_latency": 0.039059340248594525,
      "total_time": 8.535260795004433,
      "tps": 1171.610363195095
    },
    "query_4": {
      "average_latency": 0.02541994183354982,
      "total_time": 5.817846252000891,
      "tps": 1718.8491353756162
    },
    "query_5": {
      "average_latency": 0.03286539664016745,
      "total_time": 7.195155420995434,
      "tps": 1389.8240433861986
    }
  }
}