{
  "database": "paradedb",
  "scale": "large",
  "metrics": {
    "data_loading_time": 50.212811,
    "index_creation_time": 77.746285,
    "database_size_bytes": 2730019987,
    "query_1": {
      "average_latency": 0.05311731648805653,
      "total_time": 5.38310158600143,
      "tps": 185.766511001848
    },
    "query_2": {
      "average_latency": 0.053701052385022194,
      "total_time": 5.443824253001367,
      "tps": 183.69439451478723
    },
    "query_3": {
      "average_latency": 0.052121824363042836,
      "total_time": 5.312061460997938,
      "tps": 188.25083394500808
    },
    "query_4": {
      "average_latency": 0.048530533775956425,
      "total_time": 4.9439658770024835,
      "tps": 202.2667681934524
    },
    "query_5": {
      "average_latency": 0.05800762770297297,
      "total_time": 5.890664418999222,
      "tps": 169.76013720535317
    },
    "query_6": {
      "average_latency": 0.04685542906503906,
      "total_time": 4.754226585999277,
      "tps": 210.33915441575718
    }
  }
}