{
  "database": "paradedb",
  "scale": "large",
  "metrics": {
    "data_loading_time": 26.814763,
    "index_creation_time": 53.18874,
    "database_size_bytes": 1990618259,
    "query_1": {
      "average_latency": 0.046404872668003916,
      "total_time": 4.677059210999687,
      "tps": 213.80956598714033
    },
    "query_2": {
      "average_latency": 0.05003593243399882,
      "total_time": 5.072373211000013,
      "tps": 197.1463767357235
    },
    "query_3": {
      "average_latency": 0.04867515785900105,
      "total_time": 4.928823961000035,
      "tps": 202.88815504725488
    },
    "query_4": {
      "average_latency": 0.04624257563499441,
      "total_time": 4.7008910849999666,
      "tps": 212.72562625219962
    },
    "query_5": {
      "average_latency": 0.0537084234189997,
      "total_time": 5.447031709999919,
      "tps": 183.58622700215835
    }
  }
}