{
  "database": "paradedb",
  "scale": "small",
  "metrics": {
    "data_loading_time": 0.034993,
    "index_creation_time": 0.168177,
    "database_size_bytes": 25210003,
    "query_1": {
      "average_latency": 0.000674470700096208,
      "total_time": 0.007189500000094995,
      "tps": 1390.9173099475443
    },
    "query_2": {
      "average_latency": 0.0008222708000175771,
      "total_time": 0.00883904199963581,
      "tps": 1131.344324465482
    },
    "query_3": {
      "average_latency": 0.0009605955999631988,
      "total_time": 0.010431624999910127,
      "tps": 958.6234167817721
    },
    "query_4": {
      "average_latency": 0.0008254163999481534,
      "total_time": 0.008967624999968393,
      "tps": 1115.1224543884523
    },
    "query_5": {
      "average_latency": 0.0006750835000730148,
      "total_time": 0.007551208999757364,
      "tps": 1324.291249298135
    }
  }
}